,mean_fit_time,std_fit_time,mean_score_time,std_score_time,param_bootstrap,param_max_depth,param_min_samples_leaf,param_min_samples_split,param_n_estimators,params,split0_test_score,split1_test_score,split2_test_score,split3_test_score,split4_test_score,split5_test_score,split6_test_score,split7_test_score,split8_test_score,split9_test_score,split10_test_score,split11_test_score,split12_test_score,split13_test_score,split14_test_score,split15_test_score,split16_test_score,split17_test_score,split18_test_score,split19_test_score,split20_test_score,split21_test_score,split22_test_score,split23_test_score,split24_test_score,split25_test_score,split26_test_score,split27_test_score,split28_test_score,split29_test_score,split30_test_score,split31_test_score,split32_test_score,split33_test_score,split34_test_score,split35_test_score,split36_test_score,split37_test_score,split38_test_score,split39_test_score,split40_test_score,split41_test_score,split42_test_score,split43_test_score,split44_test_score,split45_test_score,split46_test_score,split47_test_score,split48_test_score,split49_test_score,mean_test_score,std_test_score,rank_test_score
0,89.40062900543212,6.47101244513025,0.026588377952575685,0.003070837807133839,True,100,1,2,100,"{'bootstrap': True, 'max_depth': 100, 'min_samples_leaf': 1, 'min_samples_split': 2, 'n_estimators': 100}",-0.015374393116313173,-0.017107856807052735,-0.017409403679661494,-0.015521692284143716,-0.0159817637160577,-0.01614415587332669,-0.01602952254612811,-0.01635142949264534,-0.01620371728376412,-0.015696990837354374,-0.015803821213189035,-0.015893980714628372,-0.016993207627518107,-0.015603293047631774,-0.016283986888038757,-0.016454772079326385,-0.01584594833133275,-0.015948935781703612,-0.016207965251977464,-0.015967635922528697,-0.015241011321668607,-0.016303495640945975,-0.015563263126457899,-0.017164757746663015,-0.016029601292335677,-0.01611468747959005,-0.01638190985778174,-0.015293660777847542,-0.016600881586153877,-0.01593347547938995,-0.017042075524288266,-0.016087816884788896,-0.01641245131937309,-0.015780058054570757,-0.015449262049896833,-0.016706650506861834,-0.015678797989388614,-0.015983886157797278,-0.01604973925669959,-0.016477398759588303,-0.015948462991454332,-0.016856183932342863,-0.015877829958814066,-0.01633610829256536,-0.016167622423076237,-0.015718107320881847,-0.01648560028776417,-0.01634704478394794,-0.015681572082554704,-0.016851957358437947,-0.016147796854764994,0.0004983031456109003,1
