,mean_fit_time,std_fit_time,mean_score_time,std_score_time,param_bootstrap,param_max_depth,param_min_samples_leaf,param_min_samples_split,param_n_estimators,params,split0_test_score,split1_test_score,split2_test_score,split3_test_score,split4_test_score,split5_test_score,split6_test_score,split7_test_score,split8_test_score,split9_test_score,split10_test_score,split11_test_score,split12_test_score,split13_test_score,split14_test_score,split15_test_score,split16_test_score,split17_test_score,split18_test_score,split19_test_score,split20_test_score,split21_test_score,split22_test_score,split23_test_score,split24_test_score,split25_test_score,split26_test_score,split27_test_score,split28_test_score,split29_test_score,split30_test_score,split31_test_score,split32_test_score,split33_test_score,split34_test_score,split35_test_score,split36_test_score,split37_test_score,split38_test_score,split39_test_score,split40_test_score,split41_test_score,split42_test_score,split43_test_score,split44_test_score,split45_test_score,split46_test_score,split47_test_score,split48_test_score,split49_test_score,mean_test_score,std_test_score,rank_test_score
0,98.12034868717194,5.312273792296931,0.026368627548217772,0.010814929729998988,True,100,1,2,100,"{'bootstrap': True, 'max_depth': 100, 'min_samples_leaf': 1, 'min_samples_split': 2, 'n_estimators': 100}",-0.031258450875723424,-0.03132384345428832,-0.036454304589285114,-0.027988514070446252,-0.03224766346452393,-0.032372324565710986,-0.03458188909105759,-0.029862950975677732,-0.03014526314223076,-0.030395650279969787,-0.03008462490652183,-0.03258411617980364,-0.03268776994537538,-0.03200199480271404,-0.031528479306547376,-0.03356818951564796,-0.02980391192360067,-0.03152745825985502,-0.03156284949716167,-0.030788201761501096,-0.032312382009825134,-0.03142851176407668,-0.03201732439530431,-0.0300464086655995,-0.03276992870180687,-0.03116107644764546,-0.03165227490998467,-0.029583064779505994,-0.032680220255054675,-0.03171756564884102,-0.030712693737237454,-0.03353522118587421,-0.031462455088429646,-0.031069569671346095,-0.030104610721432553,-0.03080872449859399,-0.032585599947529964,-0.03297968538131519,-0.029271929811995282,-0.03305225469979424,-0.030867026972098848,-0.03103520674891962,-0.033299581371371484,-0.03269627732275115,-0.030692689387232387,-0.028377445921520385,-0.030887120290556763,-0.032650609913130915,-0.033026747420050684,-0.03354579707977901,-0.031615969107124935,0.0015315609483114452,1
