,mean_fit_time,std_fit_time,mean_score_time,std_score_time,param_bootstrap,param_max_depth,param_min_samples_leaf,param_min_samples_split,param_n_estimators,params,split0_test_score,split1_test_score,split2_test_score,split3_test_score,split4_test_score,split5_test_score,split6_test_score,split7_test_score,split8_test_score,split9_test_score,split10_test_score,split11_test_score,split12_test_score,split13_test_score,split14_test_score,split15_test_score,split16_test_score,split17_test_score,split18_test_score,split19_test_score,split20_test_score,split21_test_score,split22_test_score,split23_test_score,split24_test_score,split25_test_score,split26_test_score,split27_test_score,split28_test_score,split29_test_score,split30_test_score,split31_test_score,split32_test_score,split33_test_score,split34_test_score,split35_test_score,split36_test_score,split37_test_score,split38_test_score,split39_test_score,split40_test_score,split41_test_score,split42_test_score,split43_test_score,split44_test_score,split45_test_score,split46_test_score,split47_test_score,split48_test_score,split49_test_score,mean_test_score,std_test_score,rank_test_score
0,77.71373073577881,5.0492871040424,0.02764338970184326,0.011683214869792109,True,100,1,2,100,"{'bootstrap': True, 'max_depth': 100, 'min_samples_leaf': 1, 'min_samples_split': 2, 'n_estimators': 100}",-0.016330816274992933,-0.016561812323152056,-0.015596755230366155,-0.016328585907265235,-0.017283431007898472,-0.01590150047404739,-0.01636386616199198,-0.016530547832824125,-0.01630544252092849,-0.01630035225613634,-0.016261224781341396,-0.015942692193833548,-0.01691765749892562,-0.015089436878432684,-0.017032872747420307,-0.016217724057753607,-0.01591283469916923,-0.017178833312232418,-0.016494664812760126,-0.016266162416835258,-0.015109256623033083,-0.01678920022857282,-0.01773176226927698,-0.016709620787808556,-0.016125701521490288,-0.01594247945415744,-0.01721622291633276,-0.016012811431609954,-0.015779039412654378,-0.016409183391096205,-0.017127921681623883,-0.015521394343729579,-0.01580783388320313,-0.017179708008569744,-0.01604457766022006,-0.015841735867080906,-0.015913541020837765,-0.01628898315329721,-0.016547031244856954,-0.0161964632204672,-0.016279528176645457,-0.016489797024105367,-0.01622930364896259,-0.01602112884499882,-0.01685840494518061,-0.015678745493951107,-0.017093030104654378,-0.015699991493025752,-0.016571420391133265,-0.015508621776196581,-0.016310833068141604,0.0005616398777329645,1
