,mean_fit_time,std_fit_time,mean_score_time,std_score_time,param_bootstrap,param_max_depth,param_min_samples_leaf,param_min_samples_split,param_n_estimators,params,split0_test_score,split1_test_score,split2_test_score,split3_test_score,split4_test_score,split5_test_score,split6_test_score,split7_test_score,split8_test_score,split9_test_score,split10_test_score,split11_test_score,split12_test_score,split13_test_score,split14_test_score,split15_test_score,split16_test_score,split17_test_score,split18_test_score,split19_test_score,split20_test_score,split21_test_score,split22_test_score,split23_test_score,split24_test_score,split25_test_score,split26_test_score,split27_test_score,split28_test_score,split29_test_score,split30_test_score,split31_test_score,split32_test_score,split33_test_score,split34_test_score,split35_test_score,split36_test_score,split37_test_score,split38_test_score,split39_test_score,split40_test_score,split41_test_score,split42_test_score,split43_test_score,split44_test_score,split45_test_score,split46_test_score,split47_test_score,split48_test_score,split49_test_score,mean_test_score,std_test_score,rank_test_score
0,105.12437089920044,10.110252559562847,0.038141336441040036,0.01991002860120808,True,100,1,2,100,"{'bootstrap': True, 'max_depth': 100, 'min_samples_leaf': 1, 'min_samples_split': 2, 'n_estimators': 100}",-0.015569103711422866,-0.016248211458562672,-0.01693482929776918,-0.015732031614838802,-0.01608167385463848,-0.016013947020985367,-0.016465895239375083,-0.015707324334075536,-0.015945989294750433,-0.01655808555349146,-0.016176178746257663,-0.015993038304226152,-0.016466483464267587,-0.015416032515942793,-0.016540500634929484,-0.016690223347112895,-0.016253382020635608,-0.01578935197142649,-0.01681563908795427,-0.015072264782868055,-0.015675644697756508,-0.01570423395652544,-0.016602208935058954,-0.01679364822553924,-0.01623804387151655,-0.01655209791584312,-0.016344312106340544,-0.015427965057212114,-0.015930631066958682,-0.015592288379763689,-0.016142821313198434,-0.016514652637612297,-0.015924117056939222,-0.015404998580355666,-0.016586490263491505,-0.015813199235966267,-0.0157521778038937,-0.016174915819622646,-0.016277430837614418,-0.01613649916875234,-0.016221610073469665,-0.016074830916580806,-0.015971332845801572,-0.01565133508896171,-0.01679875835712753,-0.016438286323015902,-0.015695743218195005,-0.01612299105938447,-0.016136760446734722,-0.016196284291800766,-0.01610732991613129,0.0004190689496775241,1
