,mean_fit_time,std_fit_time,mean_score_time,std_score_time,param_bootstrap,param_max_depth,param_min_samples_leaf,param_min_samples_split,param_n_estimators,params,split0_test_score,split1_test_score,split2_test_score,split3_test_score,split4_test_score,split5_test_score,split6_test_score,split7_test_score,split8_test_score,split9_test_score,split10_test_score,split11_test_score,split12_test_score,split13_test_score,split14_test_score,split15_test_score,split16_test_score,split17_test_score,split18_test_score,split19_test_score,split20_test_score,split21_test_score,split22_test_score,split23_test_score,split24_test_score,split25_test_score,split26_test_score,split27_test_score,split28_test_score,split29_test_score,split30_test_score,split31_test_score,split32_test_score,split33_test_score,split34_test_score,split35_test_score,split36_test_score,split37_test_score,split38_test_score,split39_test_score,split40_test_score,split41_test_score,split42_test_score,split43_test_score,split44_test_score,split45_test_score,split46_test_score,split47_test_score,split48_test_score,split49_test_score,mean_test_score,std_test_score,rank_test_score
0,133.8202219390869,9.770555567886422,0.026704678535461424,0.00963199610184262,True,100,1,2,100,"{'bootstrap': True, 'max_depth': 100, 'min_samples_leaf': 1, 'min_samples_split': 2, 'n_estimators': 100}",-0.03231599934314601,-0.031994640259589945,-0.037237180180944573,-0.02856671131890249,-0.033585532918892054,-0.033194246308661385,-0.0352660012650542,-0.030484023920383383,-0.03156136717578039,-0.03163052835834435,-0.031473472931908615,-0.03320182238566396,-0.03415109224723604,-0.03279186076239472,-0.031930481352596414,-0.03498252184941546,-0.0311252977357108,-0.031591701662570464,-0.03231942173589102,-0.03123955780489623,-0.03295206028776875,-0.03262623777118175,-0.03228380828407296,-0.030683321398079246,-0.03422687846807313,-0.03169709973244717,-0.032741034215612155,-0.03053734368651577,-0.03360775772458313,-0.03269830193845343,-0.0321070469651907,-0.034732829382704195,-0.03194311306193278,-0.031603818898458605,-0.030797632320271086,-0.032340200585448224,-0.03343875900044626,-0.03325209195589995,-0.03015382278249552,-0.03304931088926232,-0.03233586280212573,-0.03170885324293636,-0.03366499379206966,-0.03347963097399481,-0.03143834207317652,-0.029880927112349086,-0.031591721449543315,-0.03305149671774584,-0.034414066841014064,-0.03489893442006593,-0.032491615205838015,0.0015407491480204122,1
